Governo Federal 2018, Poder Executivo por Órgão Superior e UO;;;;;;;;;;
;;;;;;;;;;
Filtro do relatório:;;;;;;;;;;
({Esfera Orçamentária} = 1:ORCAMENTO FISCAL, 2:ORCAMENTO DE SEGURIDADE SOCIAL) E ({Mês Lançamento} = 014/2018) E ({Item Informação} = DOTACAO INICIAL, DOTACAO ATUALIZADA, DESPESAS EMPENHADAS, DESPESAS LIQUIDADAS, DESPESAS INSCRITAS EM RP NAO PROCESSADOS, DESPESAS PAGAS) E ({UO - Poder} = 0:PODER EXECUTIVO);;;;;;;;;;
;;;;;;;;;;
Páginas:;;;;;;;;;;
Mês Lançamento: 014/2018;;;;;;;;;;
Métrica: Saldo - R$ (Item Informação);;;;;;;;;;
;;;;;;;;;;
;;;;;;;;;;
UO - Órgão Superior;;Unidade Orçamentária;;Item Informação;9;13;23;25;27;28
 ;; ;; ;DOTACAO INICIAL;DOTACAO ATUALIZADA;DESPESAS EMPENHADAS;DESPESAS LIQUIDADAS;DESPESAS INSCRITAS EM RP NAO PROCESSADOS;DESPESAS PAGAS
20000;PRESIDENCIA DA REPUBLICA;20101;PRESIDENCIA DA REPUBLICA;;606.953.377,00;2.186.908.239,00;2.117.605.620,05;863.046.758,54;1.254.558.861,51;836.925.062,18
20000;PRESIDENCIA DA REPUBLICA;20118;AGENCIA BRASILEIRA DE INTELIGENCIA - ABIN;;610.402.376,00;675.459.874,00;665.136.121,68;611.508.875,28;53.627.246,40;578.753.611,02
20000;PRESIDENCIA DA REPUBLICA;60101;GABINETE DA VICE-PRESIDENCIA DA REPUBLICA;;4.905.424,00;3.660.568,00;1.359.494,22;1.258.799,98;100.694,24;1.220.053,22
20000;PRESIDENCIA DA REPUBLICA;71903;FUNDO SOCIAL - FS;;6.644.177.589,00;6.644.177.589,00;;;;
20000;PRESIDENCIA DA REPUBLICA;71906;FUNDO ESPECIAL DE FINANCIAMENTO DE CAMPANHA;;1.716.209.431,00;1.716.209.431,00;1.716.209.431,00;1.716.209.431,00;;1.716.209.431,00
20101;PRESIDENCIA DA REPUBLICA;20122;SECRETARIA NAC. DE POLITICAS P/MULHERES - SPM;;114.810.299,00;70.571.405,00;65.045.843,52;40.551.451,09;24.494.392,43;38.511.553,59
20101;PRESIDENCIA DA REPUBLICA;20124;SECRETARIA ESPECIAL DE AQUICULTURA E PESCA/PR;;91.561.916,00;86.572.612,00;64.609.630,48;37.450.618,60;27.159.011,88;35.877.479,27
20101;PRESIDENCIA DA REPUBLICA;20129;SEC.ESPEC.DE AGRIC.FAM.E DO DES.AGRARIO-SEAD;;1.065.076.517,00;944.991.300,00;893.831.569,76;310.206.950,75;583.624.619,01;299.706.446,00
20101;PRESIDENCIA DA REPUBLICA;20201;INSTIT.NAC.DE COLONIZ.E REF.AGRARIA - INCRA;;3.107.261.282,00;3.098.504.198,00;2.696.667.236,88;2.490.146.100,84;206.521.136,04;2.365.367.488,63
20101;PRESIDENCIA DA REPUBLICA;20204;INST.NAC.DE TECNOLOGIA DA INFORMACAO-ITI;;21.026.011,00;23.492.771,00;23.333.726,84;19.355.819,62;3.977.907,22;18.941.414,52
20101;PRESIDENCIA DA REPUBLICA;20415;EMPRESA BRASIL DE COMUNICACAO;;723.382.895,00;798.948.634,00;679.976.145,65;585.244.731,21;94.731.414,44;552.645.859,77
20101;PRESIDENCIA DA REPUBLICA;20416;EMPRESA DE PLANEJAMENTO E LOGISTICA S.A.- EPL;;69.364.030,00;72.406.273,00;64.729.553,07;51.772.868,62;12.956.684,45;49.994.841,93
20101;PRESIDENCIA DA REPUBLICA;20927;FUNDO DE IMPRENSA NACIONAL;;290.385.964,00;285.002.316,00;198.403.473,19;181.951.362,26;16.452.110,93;170.417.246,62
20101;PRESIDENCIA DA REPUBLICA;74203;RECURSOS SOB SUPERVISAO DO INCRA/PR;;266.000.000,00;266.000.000,00;266.000.000,00;19.183.981,60;246.816.018,40;19.183.981,60
20101;PRESIDENCIA DA REPUBLICA;74906;REC.S/SUP.FUNDO/TERRAS REF.AG.-BANCO DA TERRA;;300.000.000,00;300.000.000,00;264.397.884,00;264.397.884,00;;264.397.884,00
20113;MINIST. DO PLANEJAMENTO, DESENVOLV. E GESTAO;47101;MINIST. DO PLANEJAMENTO, DESENVOLV. E GESTAO;;3.725.200.496,00;4.244.827.864,00;3.258.597.530,20;2.903.184.508,44;355.413.021,76;2.729.778.359,38
20113;MINIST. DO PLANEJAMENTO, DESENVOLV. E GESTAO;47204;INSTITUTO DE PESQUISA ECONOMICA APLICADA;;366.794.469,00;388.926.247,00;380.315.111,14;372.914.883,35;7.400.227,79;352.781.359,68
20113;MINIST. DO PLANEJAMENTO, DESENVOLV. E GESTAO;47205;FUNDACAO INST.BRAS.DE GEOGRAFIA E ESTATISTICA;;2.910.732.166,00;2.933.728.130,00;2.862.625.923,85;2.816.372.310,85;46.253.613,00;2.664.515.639,97
20113;MINIST. DO PLANEJAMENTO, DESENVOLV. E GESTAO;47210;ESCOLA NACIONAL DA ADMINISTRACAO PUBLICA-ENAP;;54.325.318,00;59.988.071,00;58.845.135,41;51.128.314,10;7.716.821,31;48.897.185,75
20113;MINIST. DO PLANEJAMENTO, DESENVOLV. E GESTAO;47908;FUNDO DE GAR.P/PROMOC.DA COMPETITIVIDADE-FGPC;;109.209.181,00;108.985.414,00;87.500,00;87.500,00;;87.500,00
20113;MINIST. DO PLANEJAMENTO, DESENVOLV. E GESTAO;71102;RECURSOS SOB SUPERVISAO DO MPOG;;7.964.259.772,00;3.051.361.706,00;2.041.011.460,84;1.528.759.162,12;512.252.298,72;1.528.697.806,87
20113;MINIST. DO PLANEJAMENTO, DESENVOLV. E GESTAO;71103;ENCARGOS FINANC.DA UNIAO-SENTENCAS JUDICIAIS;;18.078.191.887,00;20.013.733.319,00;16.922.471.028,51;16.758.139.540,82;164.331.487,69;16.758.139.540,82
20113;MINIST. DO PLANEJAMENTO, DESENVOLV. E GESTAO;71904;FUNDO DE ESTAB.DO SEG.RURAL-FESR-R.S/SUP.MPDG;;320.917.465,00;320.917.465,00;41.301.897,68;41.300.011,03;1.886,65;40.863.964,13
20113;MINIST. DO PLANEJAMENTO, DESENVOLV. E GESTAO;73113;RECURSOS SOB SUPERVISAO DO MPOG;;6.005.110.005,00;5.569.706.252,00;5.434.954.533,59;5.322.200.846,37;112.753.687,22;4.950.155.868,01
22000;MINIST. DA AGRICUL.,PECUARIA E ABASTECIMENTO;22101;MINISTERIO DA AGRIC.PECUARIA E ABASTECIMENTO;;5.496.035.395,00;5.776.169.207,00;5.681.813.504,41;4.482.156.353,51;1.199.657.150,90;4.221.114.672,52
22000;MINIST. DA AGRICUL.,PECUARIA E ABASTECIMENTO;22202;EMPRESA BRASILEIRA DE PESQUISA AGROPECUARIA;;3.444.052.285,00;3.747.684.111,00;3.738.049.409,24;3.479.016.491,79;259.032.917,45;3.285.315.114,49
22000;MINIST. DA AGRICUL.,PECUARIA E ABASTECIMENTO;22211;COMPANHIA NACIONAL DE ABASTECIMENTO;;2.622.338.869,00;2.603.817.078,00;1.432.774.838,84;1.384.253.337,94;48.521.500,90;1.312.796.996,03
22000;MINIST. DA AGRICUL.,PECUARIA E ABASTECIMENTO;22906;FUNDO DE DEFESA DA ECONOMIA CAFEEIRA;;45.576.174,00;45.326.006,00;9.632.125,73;8.332.551,36;1.299.574,37;8.317.496,41
22000;MINIST. DA AGRICUL.,PECUARIA E ABASTECIMENTO;74901;RECURSOS SOB SUPERVISAO DO FUNCAFE/MAPA;;5.461.565.707,00;5.461.565.707,00;5.077.515.113,83;4.125.497.679,61;952.017.434,22;4.125.497.679,61
24000;MINIST.DA CIENCIA,TECNOL.,INOV.E COMUNICACOES;24101;MINIST.DA CIENCIA,TECNOL.,INOV.E COMUNICACOES;;3.555.372.812,00;4.145.304.447,00;4.098.738.564,46;3.918.423.400,10;180.315.164,36;3.759.892.640,60
24000;MINIST.DA CIENCIA,TECNOL.,INOV.E COMUNICACOES;24201;CONSELHO NAC.DE DESENV.CIENTIF.E TECNOLOGICO;;1.424.114.349,96;1.324.999.208,96;1.323.081.223,48;1.265.339.995,41;57.741.228,07;1.241.859.031,20
24000;MINIST.DA CIENCIA,TECNOL.,INOV.E COMUNICACOES;24204;COMISSAO NACIONAL DE ENERGIA NUCLEAR - CNEN;;948.017.323,00;1.011.111.190,00;983.875.013,41;932.749.453,88;51.125.559,53;881.729.491,39
24000;MINIST.DA CIENCIA,TECNOL.,INOV.E COMUNICACOES;24205;AGENCIA ESPACIAL BRASILEIRA - AEB;;182.721.976,00;179.333.915,00;177.923.234,86;110.846.823,75;67.076.411,12;107.484.656,72
24000;MINIST.DA CIENCIA,TECNOL.,INOV.E COMUNICACOES;24206;INDUSTRIAS NUCLEARES DO BRASIL S/A - INB;;755.917.177,00;778.686.557,00;720.096.903,54;585.304.707,11;134.792.196,43;562.464.771,98
24000;MINIST.DA CIENCIA,TECNOL.,INOV.E COMUNICACOES;24207;NUCLEBRAS EQUIPAMENTOS PESADOS S/A - NUCLEP;;424.515.286,00;424.661.705,00;401.058.528,56;400.703.361,93;355.166,63;368.003.248,58
24000;MINIST.DA CIENCIA,TECNOL.,INOV.E COMUNICACOES;24209;CENTRO NAC DE TECN ELETRONICA AVANCADA S/A;;80.091.982,00;88.395.178,00;84.970.183,59;69.161.054,19;15.809.129,40;67.175.887,22
24000;MINIST.DA CIENCIA,TECNOL.,INOV.E COMUNICACOES;24211;AGENCIA NACIONAL DE TELECOMUNICACOES - ANATEL;;614.177.389,00;620.588.719,00;592.317.065,60;507.164.438,84;85.152.626,76;481.232.155,56
24000;MINIST.DA CIENCIA,TECNOL.,INOV.E COMUNICACOES;24901;FUNDO NACIONAL DE DESENV.CIENT.E TECNOLOGICO;;3.434.177.895,00;3.250.503.056,00;951.330.286,88;749.360.493,24;201.969.793,64;741.257.678,68
24000;MINIST.DA CIENCIA,TECNOL.,INOV.E COMUNICACOES;24907;FUNDO P/O DESENV.TECNOL.DAS TELECOM.-FUNTTEL;;247.656.698,00;241.788.084,00;16.587.541,37;16.587.541,37;;16.587.541,37
24000;MINIST.DA CIENCIA,TECNOL.,INOV.E COMUNICACOES;74905;RECURSOS SOB SUPERVISAO DO FUNTTEL;;189.631.468,00;189.631.468,00;189.631.468,00;189.631.468,00;;189.631.468,00
24000;MINIST.DA CIENCIA,TECNOL.,INOV.E COMUNICACOES;74910;REC.S/SUP.DO FUNDO NAC.DES.CIENT.E TEC.-FNDCT;;1.141.369.944,00;1.141.369.944,00;1.097.968.250,00;1.097.968.250,00;;1.097.968.250,00
25000;MINISTERIO DA ECONOMIA;25101;MINISTERIO DA FAZENDA;;4.206.707.808,00;5.236.360.628,00;3.956.474.341,50;3.834.412.133,52;122.062.207,98;3.677.470.942,07
25000;MINISTERIO DA ECONOMIA;25103;RECEITA FEDERAL DO BRASIL;;18.680.208.589,00;18.519.249.820,00;17.824.278.521,54;17.031.418.690,58;792.859.830,96;16.065.130.464,70
25000;MINISTERIO DA ECONOMIA;25104;PROCURADORIA GERAL DA FAZENDA NACIONAL;;2.359.055.204,00;1.446.408.215,00;1.393.167.318,71;1.319.897.843,10;73.269.475,61;1.258.833.521,94
25000;MINISTERIO DA ECONOMIA;25201;BANCO CENTRAL DO BRASIL;;3.537.452.573,00;3.786.139.659,00;3.712.451.634,91;3.712.451.634,91;;3.490.321.996,18
25000;MINISTERIO DA ECONOMIA;25203;COMISSAO DE VALORES MOBILIARIOS;;477.178.642,00;476.811.901,00;257.736.393,99;243.249.804,08;14.486.589,91;229.690.299,88
25000;MINISTERIO DA ECONOMIA;25206;SUPERINT.NAC.DE PREVID.COMPLEMENTAR - PREVIC;;48.570.492,00;48.358.732,00;45.201.274,57;42.290.424,75;2.910.849,82;40.121.871,30
25000;MINISTERIO DA ECONOMIA;25208;SUPERINTENDENCIA DE SEGUROS PRIVADOS;;235.284.415,00;241.317.972,00;229.047.060,89;224.460.798,87;4.586.262,02;210.928.304,11
25000;MINISTERIO DA ECONOMIA;25903;FUNDO DE COMPENSACAO E VARIACOES SALARIAIS;;1.075.087.572,00;1.075.087.572,00;1.075.087.572,00;409.934.506,47;665.153.065,53;409.851.201,63
25000;MINISTERIO DA ECONOMIA;25913;FUNDO ESPECIAL DE TREINAM. E DESENVOLVIMENTO;;24.926.842,00;24.419.434,00;23.976.957,13;20.106.914,32;3.870.042,81;18.662.781,06
25000;MINISTERIO DA ECONOMIA;71101;RECURSOS SOB SUPERVISAO DO MF - EFU;;16.043.936.883,00;21.023.855.036,00;19.013.127.281,18;16.533.566.405,93;2.479.560.875,25;16.533.566.405,93
25000;MINISTERIO DA ECONOMIA;71104;REMUN.DE AGENTES FINANC. - REC.SOB SUPERV./MF;;777.779.070,00;752.099.668,00;752.099.664,47;639.348.449,72;112.751.214,75;639.338.144,67
25000;MINISTERIO DA ECONOMIA;71901;FUNDO CONTINGENTE DA EXTINTA RFFSA;;283.660.199,00;282.760.199,00;1.403.951,55;1.403.951,55;;1.403.951,55
25000;MINISTERIO DA ECONOMIA;71902;FUNDO SOBERANO DO BRASIL;;1.756.785.059,00;1.756.335.059,00;28.676,52;28.676,52;;28.676,52
25000;MINISTERIO DA ECONOMIA;71905;FUNDO DE GARANTIA A EXPORTACAO - FGE;;2.437.342.530,00;4.335.342.530,00;2.021.981.281,43;1.365.662.857,43;656.318.424,00;1.365.662.857,43
25000;MINISTERIO DA ECONOMIA;73101;RECURSOS SOB SUPERVISAO DO MF - TRF.MF;;1.580.812.000,00;1.578.812.000,00;1.568.811.999,63;1.531.998.164,24;36.813.835,39;1.531.998.164,24
25000;MINISTERIO DA ECONOMIA;73108;TRANSF.CONSTITUCIONAIS-REC.SOB SUP. M.FAZENDA;;194.998.330.605,00;199.532.916.630,00;198.644.997.005,78;193.120.232.026,73;5.524.764.979,05;193.120.232.026,73
25000;MINISTERIO DA ECONOMIA;73901;FUNDO CONSTITUCIONAL DO DISTRITO FEDERAL-FCDF;;13.696.991.938,00;13.691.017.785,00;13.690.679.062,98;13.461.625.200,24;229.053.862,74;13.437.520.183,76
25000;MINISTERIO DA ECONOMIA;74101;RECURSOS SOB SUPERVISAO DO MF - OOC/MF;;17.833.481.600,00;13.816.619.745,00;11.702.420.214,39;6.896.515.842,00;4.805.904.372,39;6.894.485.007,67
25000;MINISTERIO DA ECONOMIA;74102;RECURSOS SOB SUPERVISAO DO MINIST.DA FAZENDA;;100.000.000,00;100.000.000,00;50.000.000,00;43.479.510,00;6.520.490,00;43.479.510,00
25000;MINISTERIO DA ECONOMIA;74201;RECURSOS SOB SUPER.DA SUP.DE SEGUROS PRIVADOS;;4.600.000,00;4.600.000,00;2.016.465,60;2.016.465,60;;2.016.465,60
25000;MINISTERIO DA ECONOMIA;75101;RECURSOS SOB SUPERVISAO DO MINIST. DA FAZENDA;;1.776.306.221.769,00;1.776.106.221.769,00;1.063.832.677.552,50;1.063.832.177.552,50;500.000,00;1.063.824.641.195,70
25000;MINISTERIO DA ECONOMIA;90000;RESERVA DE CONTINGENCIA;;2.479.157.182,00;495.525.457,00;;;;
26000;MINISTERIO DA EDUCACAO;26101;MINISTERIO DA EDUCACAO;;3.774.037.203,00;3.295.731.567,00;2.684.687.361,86;1.799.646.964,19;885.040.397,67;1.706.457.659,49
26000;MINISTERIO DA EDUCACAO;26104;INSTITUTO NACIONAL DE EDUCACAO DE SURDOS;;141.163.113,00;146.147.318,00;144.620.079,53;130.625.019,36;13.995.060,17;122.191.772,88
26000;MINISTERIO DA EDUCACAO;26105;INSTITUTO BENJAMIN CONSTANT;;90.316.266,00;95.277.988,00;93.500.652,59;86.032.544,81;7.468.107,78;80.122.667,20
26000;MINISTERIO DA EDUCACAO;26201;COLEGIO PEDRO II;;656.882.331,00;696.650.224,00;684.682.595,44;660.647.492,67;24.035.102,77;610.965.792,19
26000;MINISTERIO DA EDUCACAO;26230;FUND. UNIVERSIDADE FEDERAL VALE SAO FRANCISCO;;170.722.674,00;191.024.172,00;184.875.431,30;181.900.430,31;2.975.000,99;171.694.709,32
26000;MINISTERIO DA EDUCACAO;26231;UNIVERSIDADE FEDERAL DE ALAGOAS;;849.249.983,00;903.647.142,00;897.221.375,87;872.624.764,83;24.596.611,04;816.496.339,07
26000;MINISTERIO DA EDUCACAO;26232;UNIVERSIDADE FEDERAL DA BAHIA;;1.500.958.820,00;1.593.897.168,00;1.579.833.229,22;1.560.976.257,42;18.856.971,80;1.455.636.227,19
26000;MINISTERIO DA EDUCACAO;26233;UNIVERSIDADE FEDERAL DO CEARA;;1.372.774.627,00;1.387.087.905,00;1.363.786.838,10;1.335.651.467,56;28.135.370,54;1.248.914.474,87
26000;MINISTERIO DA EDUCACAO;26234;UNIVERSIDADE FEDERAL DO ESPIRITO SANTO;;988.320.743,00;1.034.981.153,00;1.014.240.864,75;926.427.841,83;87.813.022,92;865.949.600,41
26000;MINISTERIO DA EDUCACAO;26235;UNIVERSIDADE FEDERAL DE GOIAS;;1.199.312.543,00;1.312.571.402,00;1.277.087.123,99;1.258.794.979,24;18.292.144,75;1.174.607.178,50
26000;MINISTERIO DA EDUCACAO;26236;UNIVERSIDADE FEDERAL FLUMINENSE;;1.902.718.601,00;2.007.288.768,00;1.989.042.149,88;1.970.730.812,48;18.311.337,40;1.843.207.435,44
26000;MINISTERIO DA EDUCACAO;26237;UNIVERSIDADE FEDERAL DE JUIZ DE FORA;;942.838.803,00;978.115.646,00;969.159.588,94;869.634.069,59;99.525.519,35;820.047.876,09
26000;MINISTERIO DA EDUCACAO;26238;UNIVERSIDADE FEDERAL DE MINAS GERAIS;;1.945.832.801,00;2.043.351.186,00;2.023.753.121,75;1.993.208.376,68;30.544.745,07;1.866.965.899,67
26000;MINISTERIO DA EDUCACAO;26239;UNIVERSIDADE FEDERAL DO PARA;;1.285.472.215,00;1.386.632.355,00;1.350.103.365,78;1.320.204.283,56;29.899.082,22;1.240.029.747,84
26000;MINISTERIO DA EDUCACAO;26240;UNIVERSIDADE FEDERAL DA PARAIBA;;1.599.300.212,00;1.684.129.860,00;1.662.749.924,44;1.618.959.638,25;43.790.286,19;1.490.767.896,32
26000;MINISTERIO DA EDUCACAO;26241;UNIVERSIDADE FEDERAL DO PARANA;;1.478.353.306,00;1.543.518.943,00;1.530.491.842,12;1.498.104.820,56;32.387.021,56;1.406.119.931,30
26000;MINISTERIO DA EDUCACAO;26242;UNIVERSIDADE FEDERAL DE PERNAMBUCO;;1.514.467.993,00;1.563.500.200,00;1.548.209.286,04;1.516.249.056,87;31.960.229,17;1.417.811.447,98
26000;MINISTERIO DA EDUCACAO;26243;UNIVERSIDADE FEDERAL DO RIO GRANDE DO NORTE;;1.537.254.333,00;1.619.971.419,00;1.601.017.287,03;1.547.790.681,27;53.226.605,76;1.437.349.533,01
26000;MINISTERIO DA EDUCACAO;26244;UNIVERSIDADE FEDERAL DO RIO GRANDE DO SUL;;1.784.268.056,00;1.880.133.319,00;1.867.677.132,68;1.860.089.227,29;7.587.905,39;1.747.913.572,11
26000;MINISTERIO DA EDUCACAO;26245;UNIVERSIDADE FEDERAL DO RIO DE JANEIRO;;3.150.322.428,00;3.287.169.233,00;3.234.035.620,57;3.216.530.254,81;17.505.365,76;3.015.912.210,71
26000;MINISTERIO DA EDUCACAO;26246;UNIVERSIDADE FEDERAL DE SANTA CATARINA;;1.450.340.121,00;1.535.330.528,00;1.522.838.903,05;1.497.428.343,50;25.410.559,55;1.398.867.138,76
26000;MINISTERIO DA EDUCACAO;26247;UNIVERSIDADE FEDERAL DE SANTA MARIA;;1.169.209.052,00;1.244.247.495,00;1.230.206.211,87;1.208.897.838,16;21.308.373,71;1.133.847.480,95
26000;MINISTERIO DA EDUCACAO;26248;UNIVERSIDADE FEDERAL RURAL DE PERNAMBUCO;;615.121.578,00;680.725.480,00;648.183.598,71;625.689.319,65;22.494.279,06;585.123.939,74
26000;MINISTERIO DA EDUCACAO;26249;UNIVERSIDADE FEDERAL RURAL DO RIO DE JANEIRO;;723.468.053,00;720.620.416,00;670.863.196,54;646.657.070,24;24.206.126,30;601.603.375,49
26000;MINISTERIO DA EDUCACAO;26250;UNIVERSIDADE FEDERAL DE RORAIMA;;218.647.270,00;227.306.411,00;223.771.078,36;201.140.688,30;22.630.390,06;188.142.268,47
26000;MINISTERIO DA EDUCACAO;26251;FUNDACAO UNIVERSIDADE FEDERAL DE TOCANTINS;;360.184.591,00;358.416.821,00;355.551.554,70;329.743.013,65;25.808.541,05;308.805.808,17
26000;MINISTERIO DA EDUCACAO;26252;UNIVERSIDADE FEDERAL DE CAMPINA GRANDE;;655.922.286,00;692.659.990,00;682.674.883,84;646.592.233,99;36.082.649,85;594.027.875,72
26000;MINISTERIO DA EDUCACAO;26253;UNIVERSIDADE FEDERAL RURAL DA AMAZONIA;;215.014.272,00;249.339.945,00;247.272.276,33;235.428.733,92;11.843.542,41;221.796.132,33
26000;MINISTERIO DA EDUCACAO;26254;UNIVERSIDADE FEDERAL DO TRIANGULO MINEIRO;;353.005.344,00;377.270.915,00;371.452.854,08;359.981.826,89;11.471.027,19;339.005.944,73
26000;MINISTERIO DA EDUCACAO;26255;UNIVERSIDADE FED.VALES JEQUITINHONHA E MUCURI;;242.777.884,00;269.602.665,00;265.409.179,92;261.812.018,69;3.597.161,23;246.629.409,86
26000;MINISTERIO DA EDUCACAO;26256;CENTRO FED.DE EDUC.TECNOL.CELSO S.DA FONSECA;;389.399.135,00;417.406.345,00;412.229.975,84;398.422.441,61;13.807.534,23;367.218.291,41
26000;MINISTERIO DA EDUCACAO;26257;CENTRO FED.DE EDUC.TECNOL.DE MINAS GERAIS;;442.542.120,00;466.906.440,00;459.071.154,16;444.994.439,10;14.076.715,06;409.051.345,40
26000;MINISTERIO DA EDUCACAO;26258;UNIVERSIDADE TECNOLOGICA FEDERAL DO PARANA;;950.447.259,00;997.188.113,00;990.896.620,31;924.344.818,22;66.551.802,09;858.300.015,33
26000;MINISTERIO DA EDUCACAO;26260;UNIVERSIDADE FEDERAL DE ALFENAS;;214.176.395,00;228.357.433,00;225.453.828,65;218.625.191,58;6.828.637,07;204.318.876,52
26000;MINISTERIO DA EDUCACAO;26261;UNIVERSIDADE FEDERAL DE ITAJUBA - MG;;221.599.499,00;233.769.458,00;230.548.129,73;214.795.575,62;15.752.554,11;199.962.930,90
26000;MINISTERIO DA EDUCACAO;26262;UNIVERSIDADE FEDERAL DE SAO PAULO;;926.383.295,00;999.610.394,00;987.845.475,83;977.837.615,05;10.007.860,78;921.300.141,50
26000;MINISTERIO DA EDUCACAO;26263;UNIVERSIDADE FEDERAL DE LAVRAS;;351.241.667,00;379.148.790,00;370.205.151,88;360.122.422,29;10.082.729,59;334.429.224,13
26000;MINISTERIO DA EDUCACAO;26264;UNIVERSIDADE FEDERAL RURAL DO SEMI-ARIDO;;282.709.106,00;291.366.592,00;288.151.142,03;273.444.975,09;14.706.166,94;254.781.033,77
26000;MINISTERIO DA EDUCACAO;26266;FUNDACAO UNIVERSIDADE FEDERAL DO PAMPA;;294.177.319,00;314.757.307,00;312.225.760,09;297.086.473,66;15.139.286,43;278.367.879,67
26000;MINISTERIO DA EDUCACAO;26267;UNIVERS. FEDERAL DA INTEG. LATINO AMERICANA;;156.929.547,00;170.810.979,00;162.598.395,95;152.034.902,51;10.563.493,44;143.768.236,69
26000;MINISTERIO DA EDUCACAO;26268;FUNDACAO UNIVERSIDADE FEDERAL DE RONDONIA;;270.402.742,00;289.952.888,00;286.199.032,78;275.346.634,99;10.852.397,79;258.080.878,09
26000;MINISTERIO DA EDUCACAO;26269;UNIVERSIDADE FEDERAL DO ESTADO RIO DE JANEIRO;;403.469.437,00;443.576.878,00;439.078.278,78;426.459.922,85;12.618.355,93;401.033.721,60
26000;MINISTERIO DA EDUCACAO;26270;FUNDACAO UNIVERSIDADE DO AMAZONAS;;648.704.641,00;762.630.121,00;698.687.360,73;675.640.357,65;23.047.003,08;631.566.705,86
26000;MINISTERIO DA EDUCACAO;26271;FUNDACAO UNIVERSIDADE DE BRASILIA;;1.731.410.855,00;1.807.948.423,00;1.782.044.470,60;1.706.658.429,04;75.386.041,56;1.609.449.345,26
26000;MINISTERIO DA EDUCACAO;26272;FUNDACAO UNIVERSIDADE DO MARANHAO;;720.950.512,00;774.690.486,00;763.963.618,68;750.206.637,39;13.756.981,29;699.109.637,37
26000;MINISTERIO DA EDUCACAO;26273;UNIVERSIDADE FEDERAL DO RIO GRANDE - FURG;;481.862.938,00;504.736.933,00;499.254.054,01;495.883.018,54;3.371.035,47;467.546.922,75
26000;MINISTERIO DA EDUCACAO;26274;FUNDACAO UNIVERSIDADE FEDERAL DE UBERLANDIA;;1.019.856.236,00;1.081.528.978,00;1.064.526.156,09;1.035.438.045,84;29.088.110,25;964.535.143,76
26000;MINISTERIO DA EDUCACAO;26275;FUNDACAO UNIVERSIDADE FEDERAL DO ACRE;;335.173.873,00;359.150.283,00;357.624.806,09;322.796.287,50;34.828.518,59;299.774.411,17
26000;MINISTERIO DA EDUCACAO;26276;FUNDACAO UNIVERSIDADE FEDERAL DE MATO GROSSO;;952.523.582,00;936.184.918,00;906.589.488,46;899.843.233,13;6.746.255,33;842.076.722,21
26000;MINISTERIO DA EDUCACAO;26277;FUNDACAO UNIVERSIDADE FEDERAL DE OURO PRETO;;418.176.134,00;445.417.388,00;436.562.065,36;429.015.556,33;7.546.509,03;402.592.646,58
26000;MINISTERIO DA EDUCACAO;26278;FUNDACAO UNIVERSIDADE FEDERAL DE PELOTAS;;706.325.640,00;751.958.072,00;736.872.938,54;729.101.881,87;7.771.056,67;679.533.197,85
26000;MINISTERIO DA EDUCACAO;26279;FUNDACAO UNIVERSIDADE FEDERAL DO PIAUI;;791.462.886,00;815.373.767,00;804.412.240,02;784.102.360,31;20.309.879,71;729.050.371,98
26000;MINISTERIO DA EDUCACAO;26280;FUNDACAO UNIVERSIDADE FEDERAL DE SAO CARLOS;;604.181.540,00;645.671.961,00;632.517.469,10;625.304.219,72;7.213.249,38;584.156.799,26
26000;MINISTERIO DA EDUCACAO;26281;FUNDACAO UNIVERSIDADE FEDERAL DE SERGIPE;;681.654.822,00;730.496.597,00;725.656.457,28;681.842.937,29;43.813.519,99;633.133.775,09
26000;MINISTERIO DA EDUCACAO;26282;FUNDACAO UNIVERSIDADE FEDERAL DE VICOSA;;887.092.294,00;919.587.121,00;903.993.625,46;891.285.632,41;12.707.993,05;828.586.152,31
26000;MINISTERIO DA EDUCACAO;26283;FUNDACAO UNIVERSIDADE FED.DE MATO GROS.DO SUL;;818.939.921,00;865.877.859,00;850.423.944,13;814.552.899,40;35.871.044,73;766.210.257,73
26000;MINISTERIO DA EDUCACAO;26284;FUN.UNIV.FED.DE CIENCIAS DA SAUDE DE P.ALEGRE;;135.270.703,00;145.159.409,00;142.851.739,56;121.281.123,00;21.570.616,56;114.023.308,06
26000;MINISTERIO DA EDUCACAO;26285;FUNDACAO UNIVERSIDADE FEDERAL DE S.J.DEL-REI;;338.165.842,00;360.043.423,00;357.414.596,94;306.614.333,20;50.800.263,74;285.170.887,09
26000;MINISTERIO DA EDUCACAO;26286;FUNDACAO UNIVERSIDADE FEDERAL DO AMAPA;;246.835.467,00;266.758.664,00;265.581.548,42;182.822.819,10;82.758.729,32;170.754.015,16
26000;MINISTERIO DA EDUCACAO;26290;INEP-INST.NAC.DE ESTUDOS E PESQ.EDUCACIONAIS;;1.247.382.131,00;1.199.455.600,00;1.161.862.077,23;890.998.007,50;270.864.069,73;884.847.789,65
26000;MINISTERIO DA EDUCACAO;26291;FUND.COORD.DE APERF.DE PESSOAL NIVEL SUPERIOR;;3.975.076.822,00;3.844.645.259,00;3.863.723.954,49;3.345.324.362,82;518.399.591,67;3.331.583.247,49
26000;MINISTERIO DA EDUCACAO;26292;FUNDACAO JOAQUIM NABUCO;;142.562.103,00;144.434.698,00;133.756.706,02;129.361.476,96;4.395.229,06;121.334.288,59
26000;MINISTERIO DA EDUCACAO;26294;HOSPITAL DE CLINICAS DE PORTO ALEGRE;;1.259.443.892,00;1.320.179.323,00;1.277.916.442,20;1.194.124.368,32;83.792.073,88;1.116.383.669,43
26000;MINISTERIO DA EDUCACAO;26298;FUNDO NACIONAL DE DESENVOLVIMENTO DA EDUCACAO;;26.017.865.492,00;26.419.125.716,00;26.303.809.228,82;24.154.687.873,36;2.149.121.355,46;24.138.975.987,34
26000;MINISTERIO DA EDUCACAO;26350;FUNDACAO UNIVERSIDADE FED. DA GRANDE DOURADOS;;226.341.902,00;241.466.155,00;238.669.754,74;219.211.401,56;19.458.353,18;205.318.136,51
26000;MINISTERIO DA EDUCACAO;26351;UNIVERSIDADE FEDERAL DO RECONCAVO DA BAHIA;;294.229.725,00;295.862.967,00;292.363.971,96;277.558.242,25;14.805.729,71;258.217.398,42
26000;MINISTERIO DA EDUCACAO;26352;FUNDACAO UNIVERSIDADE FEDERAL DO ABC;;270.737.628,00;298.078.028,00;295.171.434,51;274.424.261,79;20.747.172,72;259.325.585,84
26000;MINISTERIO DA EDUCACAO;26358;HOSPITAL UNIVERSITARIO PROF.ALBERTO NUNES;;115.882.890,00;119.458.526,00;115.033.497,69;115.014.867,69;18.630,00;108.279.128,07
26000;MINISTERIO DA EDUCACAO;26359;COMPLEXO HOSPITALAR E DE SAUDE DA UFBA;;179.826.814,00;136.826.814,00;131.368.534,10;130.937.632,25;430.901,85;122.049.223,99
26000;MINISTERIO DA EDUCACAO;26362;HOSPITAL UNIVERSITARIO VALTER CANTIDIO;;158.699.325,00;155.934.039,00;151.595.103,36;151.338.756,18;256.347,18;142.462.451,45
26000;MINISTERIO DA EDUCACAO;26363;MATERNIDADE ASSIS CHATEAUBRIAN;;75.564.919,00;78.326.567,00;76.188.070,76;76.185.118,08;2.952,68;71.713.870,89
26000;MINISTERIO DA EDUCACAO;26364;HOSPITAL UNIVERSIT. CASSIANO ANTONIO MORAIS;;126.156.835,00;128.010.239,00;123.262.038,67;121.340.159,38;1.921.879,29;113.483.713,94
26000;MINISTERIO DA EDUCACAO;26365;HOSPITAL DAS CLINICAS DA UFGO;;182.603.249,00;132.764.009,00;128.757.288,09;128.171.346,17;585.941,92;120.407.689,60
26000;MINISTERIO DA EDUCACAO;26366;HOSPITAL UNIVERSITARIO ANTONIO PEDRO;;253.068.875,00;226.135.136,00;218.399.010,79;217.196.908,84;1.202.101,95;204.935.343,82
26000;MINISTERIO DA EDUCACAO;26367;HOSPITAL UNIVERSITARIO DA UFJF;;57.825.096,00;54.158.059,00;49.310.696,43;49.239.539,16;71.157,27;46.038.096,03
26000;MINISTERIO DA EDUCACAO;26368;HOSPITAL UNIVERSITARIO DA UFMG;;262.715.587,00;270.426.284,00;263.691.866,02;263.691.866,02;;247.167.789,88
26000;MINISTERIO DA EDUCACAO;26369;HOSPITAL UNIVERSITARIO JOAO DE BARROS BARRETO;;98.448.246,00;102.932.033,00;99.490.690,45;99.368.892,01;121.798,44;93.794.448,02
26000;MINISTERIO DA EDUCACAO;26370;HOSPITAL UNIVERSITARIO BETINA FERRO SOUZA;;15.941.386,00;16.303.002,00;15.092.988,19;15.092.988,19;;14.179.336,01
26000;MINISTERIO DA EDUCACAO;26371;HOSPITAL UNIVERSITARIO LAURO WANDERLEY;;203.794.947,00;206.685.087,00;198.190.467,95;198.190.467,95;;185.624.360,92
26000;MINISTERIO DA EDUCACAO;26372;HOSPITAL DE CLINICAS DA UFPR;;242.357.750,00;228.047.079,00;214.484.703,28;213.776.469,63;708.233,65;201.533.071,21
26000;MINISTERIO DA EDUCACAO;26373;HOSPITAL DAS CLINICAS DA UFPE;;237.953.874,00;242.851.903,00;235.244.026,96;234.914.363,61;329.663,35;219.771.342,94
26000;MINISTERIO DA EDUCACAO;26374;COMPLEXO HOSPITALAR E DE SAUDE DA UFRN;;137.219.151,00;132.870.731,00;127.560.344,81;127.560.344,81;;119.603.622,66
26000;MINISTERIO DA EDUCACAO;26378;COMPLEXO HOSPITALAR E DE SAUDE DA UFRJ;;585.929.317,00;587.106.413,00;571.442.443,45;569.759.600,42;1.682.843,03;536.458.901,36
26000;MINISTERIO DA EDUCACAO;26385;HOSPITAL UNIVERSITARIO DA UFGD;;49.940.741,00;44.031.610,00;42.501.717,00;36.754.271,65;5.747.445,35;34.648.024,17
26000;MINISTERIO DA EDUCACAO;26386;HOSPITAL UNIVER.POLYDORO ERNANI DE SAO THIAGO;;231.244.033,00;236.342.853,00;227.383.858,93;227.064.716,24;319.142,69;213.411.833,93
26000;MINISTERIO DA EDUCACAO;26387;HOSPITAL UNIVERSITARIO DA UFSM;;195.028.799,00;202.305.514,00;195.584.452,03;195.334.452,05;249.999,98;182.478.529,96
26000;MINISTERIO DA EDUCACAO;26388;HOSPITAL UNIVERSITARIO ALCIDES CARNEIRO;;82.718.546,00;79.819.938,00;75.113.901,16;75.113.901,16;;70.546.577,68
26000;MINISTERIO DA EDUCACAO;26389;HOSPITAL UNIVERSITARIO DA UFTM;;147.829.390,00;148.683.954,00;144.642.037,29;142.754.436,34;1.887.600,95;134.722.252,32
26000;MINISTERIO DA EDUCACAO;26391;HOSPITAL UNIVERSITARIO GAFFREE E GUINLE;;120.517.826,00;145.376.049,00;141.883.535,17;138.937.181,66;2.946.353,51;129.169.096,78
26000;MINISTERIO DA EDUCACAO;26392;HOSPITAL GETULIO VARGAS;;83.855.476,00;87.138.899,00;82.519.838,13;82.503.220,91;16.617,22;77.482.386,68
26000;MINISTERIO DA EDUCACAO;26393;HOSPITAL UNIVERSITARIO DE BRASILIA;;84.711.878,00;85.305.213,00;81.944.829,05;81.377.026,52;567.802,53;76.847.714,09
26000;MINISTERIO DA EDUCACAO;26394;HOSPITAL UNIVERSITARIO DA FUMA;;80.324.320,00;80.740.938,00;78.664.161,24;78.625.797,07;38.364,17;74.239.639,49
26000;MINISTERIO DA EDUCACAO;26395;HOSPITAL UNIVERSITARIO MIGUEL RIET JUNIOR;;69.295.568,00;71.521.316,00;68.651.904,90;68.651.904,90;;64.550.673,17
26000;MINISTERIO DA EDUCACAO;26396;HOSP.DAS CLINICAS DA UNIV.FED.DE UBERLANDIA;;321.103.608,00;316.395.624,00;307.485.921,40;301.438.286,10;6.047.635,30;283.369.104,11
26000;MINISTERIO DA EDUCACAO;26397;HOSPITAL JULIO MULLER;;46.373.766,00;43.256.787,00;41.666.534,95;41.665.934,95;600;39.305.343,79
26000;MINISTERIO DA EDUCACAO;26398;HOSPITAL DAS CLINICAS DA FUFPEL;;48.088.790,00;46.094.149,00;43.252.119,27;43.252.119,27;;40.373.262,42
26000;MINISTERIO DA EDUCACAO;26399;HOSPITAL UNIVERSITARIO DA FUFPI;;6.324.411,00;6.400.287,00;6.029.299,49;5.577.067,49;452.232,00;5.230.753,60
26000;MINISTERIO DA EDUCACAO;26400;HOSPITAL UNIVERSITARIO DA FUFSE;;64.121.959,00;65.892.164,00;64.147.844,08;64.147.844,08;;60.517.493,95
26000;MINISTERIO DA EDUCACAO;26401;HOSPITAL UNIVERSITARIO MARIA PEDROSSIAN;;454.960,00;454.960,00;;;;
26000;MINISTERIO DA EDUCACAO;26402;INST.FED.DE EDUC.,CIENC.E TEC.DE ALAGOAS;;376.871.966,00;416.012.618,00;413.360.569,21;395.345.552,41;18.015.016,80;365.455.858,65
26000;MINISTERIO DA EDUCACAO;26403;INST.FED.DE EDUC.,CIENC.E TEC.DO AMAZONAS;;404.899.181,00;407.327.616,00;364.802.681,23;349.866.615,73;14.936.065,50;324.304.892,20
26000;MINISTERIO DA EDUCACAO;26404;INST.FED.DE EDUC.,CIENC.E TEC.BAIANO;;272.303.159,00;324.003.367,00;313.402.110,18;299.756.726,91;13.645.383,27;279.779.773,05
26000;MINISTERIO DA EDUCACAO;26405;INST.FED.DE EDUC.,CIENC.E TEC.DO CEARA;;607.685.184,00;699.054.782,00;695.313.124,48;657.305.410,51;38.007.713,97;607.864.191,66
26000;MINISTERIO DA EDUCACAO;26406;INST.FED.DE EDUC.,CIENC.E TEC.DO ESP.SANTO;;619.900.908,00;661.480.325,00;654.358.863,47;643.675.240,27;10.683.623,20;595.816.147,51
26000;MINISTERIO DA EDUCACAO;26407;INST.FED.DE EDUC.,CIENC.E TEC.GOIANO;;294.961.880,00;317.359.368,00;315.447.189,76;295.326.655,05;20.120.534,71;274.269.437,99
26000;MINISTERIO DA EDUCACAO;26408;INST.FED.DE EDUC.,CIENC.E TEC.DO MARANHAO;;529.901.475,00;601.772.565,00;597.503.879,92;574.838.351,55;22.665.528,37;534.705.568,17
26000;MINISTERIO DA EDUCACAO;26409;INST.FED.DE EDUC.,CIENC.E TEC.DE MINAS GERAIS;;356.474.562,00;408.248.312,00;404.068.223,41;387.374.024,64;16.694.198,77;359.795.566,14
26000;MINISTERIO DA EDUCACAO;26410;INST.FED.DE EDUC.,CIENC.E TEC.DO NORTE DE MG;;245.699.015,00;273.541.101,00;271.139.108,21;254.506.019,15;16.633.089,06;237.085.339,43
26000;MINISTERIO DA EDUCACAO;26411;INST.FED.DE EDUC.,CIENC.E TEC.DO SUDESTE MG;;275.551.158,00;296.629.586,00;293.183.517,43;274.695.674,64;18.487.842,79;254.929.579,76
26000;MINISTERIO DA EDUCACAO;26412;INST.FED.DE EDUC.,CIENC.E TEC.DO SUL DE MG;;261.956.603,00;279.993.436,00;277.183.219,60;263.551.768,42;13.631.451,18;243.230.539,02
26000;MINISTERIO DA EDUCACAO;26413;INST.FED.DE EDUC.,CIENC.E TEC.DO TRIA.MINEIRO;;220.417.407,00;239.999.010,00;237.712.806,95;226.556.287,34;11.156.519,61;208.246.178,17
26000;MINISTERIO DA EDUCACAO;26414;INST.FED.DE EDUC.,CIENC.E TEC.DO MATO GROSSO;;408.496.757,00;441.234.627,00;436.034.289,81;415.693.878,63;20.340.411,18;387.874.940,98
26000;MINISTERIO DA EDUCACAO;26415;INST.FED.DE EDUC.,CIENC.E TEC.DO MAT.G.DO SUL;;156.284.517,00;185.922.604,00;184.630.376,78;177.709.267,53;6.921.109,25;165.994.494,42
26000;MINISTERIO DA EDUCACAO;26416;INST.FED.DE EDUC.,CIENC.E TEC.DO PARA;;374.637.579,00;446.676.296,00;443.681.453,12;430.347.051,30;13.334.401,82;402.248.146,12
26000;MINISTERIO DA EDUCACAO;26417;INST.FED.DE EDUC.,CIENC.E TEC.DA PARAIBA;;490.325.986,00;528.862.796,00;522.808.704,29;505.055.769,40;17.752.934,89;464.509.683,53
26000;MINISTERIO DA EDUCACAO;26418;INST.FED.DE EDUC.,CIENC.E TEC.DE PERNAMBUCO;;498.003.987,00;541.877.047,00;538.007.533,23;516.052.981,92;21.954.551,31;474.411.563,15
26000;MINISTERIO DA EDUCACAO;26419;INST.FED.DE EDUC.,CIENC.E TEC.DO RS;;377.870.815,00;432.702.324,00;428.470.194,81;414.151.411,05;14.318.783,76;383.847.569,28
26000;MINISTERIO DA EDUCACAO;26420;INST.FED.DE EDUC.,CIENC.E TEC.FARROUPILHA;;263.390.192,00;295.456.292,00;290.707.457,22;282.077.332,51;8.630.124,71;261.226.531,55
26000;MINISTERIO DA EDUCACAO;26421;INST.FED.DE EDUC.,CIENC.E TEC.DE RONDONIA;;184.898.894,00;214.845.682,00;211.953.961,39;203.201.843,74;8.752.117,65;188.604.602,64
26000;MINISTERIO DA EDUCACAO;26422;INST.FED.DE EDUC.,CIENC.E TEC.CATARINENSE;;342.263.485,00;371.714.494,00;367.403.800,39;349.309.787,13;18.094.013,26;324.750.109,49
26000;MINISTERIO DA EDUCACAO;26423;INST.FED.DE EDUC.,CIENC.E TEC.DE SERGIPE;;244.409.156,00;268.807.442,00;263.076.708,14;255.492.766,54;7.583.941,60;235.710.302,66
26000;MINISTERIO DA EDUCACAO;26424;INST.FED.DE EDUC.,CIENC.E TEC.DO TOCANTINS;;210.325.090,00;235.781.946,00;233.771.590,05;225.006.345,79;8.765.244,26;208.591.234,42
26000;MINISTERIO DA EDUCACAO;26425;INST.FED.DE EDUC.,CIENC.E TEC.DO ACRE;;104.261.882,00;114.153.635,00;111.130.081,91;103.783.043,36;7.347.038,55;96.474.705,35
26000;MINISTERIO DA EDUCACAO;26426;INST.FED.DE EDUC.,CIENC.E TEC.DO AMAPA;;136.330.815,00;100.507.340,00;98.810.151,88;90.064.027,54;8.746.124,34;82.907.557,50
26000;MINISTERIO DA EDUCACAO;26427;INST.FED.DE EDUC.,CIENC.E TEC.DA BAHIA;;519.956.957,00;581.184.196,00;563.725.976,47;544.231.773,04;19.494.203,43;499.767.233,49
26000;MINISTERIO DA EDUCACAO;26428;INST.FED.DE EDUC.,CIENC.E TEC.DE BRASILIA;;198.545.017,00;225.910.883,00;221.753.915,29;205.459.121,82;16.294.793,47;190.256.636,95
26000;MINISTERIO DA EDUCACAO;26429;INST.FED.DE EDUC.,CIENC.E TEC.DE GOIAS;;415.235.802,00;451.779.726,00;449.003.359,78;438.614.665,18;10.388.694,60;401.552.445,38
26000;MINISTERIO DA EDUCACAO;26430;INST.FED.DE ED.,CIENC.E TEC.DO S.PERNAMBUCANO;;165.804.863,00;183.196.324,00;182.105.741,11;177.625.685,18;4.480.055,93;163.385.252,63
26000;MINISTERIO DA EDUCACAO;26431;INST.FED.DE EDUC.,CIENC.E TEC.DO PIAUI;;382.663.276,00;426.873.475,00;423.647.837,59;411.392.688,97;12.255.148,62;380.625.486,89
26000;MINISTERIO DA EDUCACAO;26432;INSTITUTO FEDERAL DO PARANA - IFPR;;365.391.617,00;421.213.140,00;418.316.278,95;366.500.482,02;51.815.796,93;340.995.496,51
26000;MINISTERIO DA EDUCACAO;26433;INST.FED.DE EDUC.,CIENC.E TEC.DO R.DE JANEIRO;;378.545.063,00;415.535.391,00;411.883.105,37;399.411.062,11;12.472.043,26;369.900.366,64
26000;MINISTERIO DA EDUCACAO;26434;INST.FED.DE EDUC.,CIENC.E TEC.FLUMINENSE;;384.615.261,00;412.956.792,00;408.204.155,45;393.437.290,44;14.766.865,01;359.643.631,05
26000;MINISTERIO DA EDUCACAO;26435;INST.FED.DE EDUC.,CIENC.E TEC.DO RN;;560.994.808,00;615.002.493,00;610.361.931,27;566.546.478,56;43.815.452,71;520.716.560,28
26000;MINISTERIO DA EDUCACAO;26436;INST.FED.DE EDUC.,CIE.E TEC.SUL-RIO-GRANDENSE;;396.567.729,00;437.100.928,00;434.136.711,66;422.564.874,47;11.571.837,19;389.842.554,80
26000;MINISTERIO DA EDUCACAO;26437;INST.FED.DE EDUC.,CIENC.E TEC.DE RORAIMA;;127.794.724,00;135.533.976,00;133.939.086,64;123.655.457,17;10.283.629,47;115.420.934,65
26000;MINISTERIO DA EDUCACAO;26438;INST.FED.DE EDUC.,CIENC.E TEC.DE STA.CATARINA;;539.897.606,00;585.500.581,00;579.469.871,60;556.332.550,22;23.137.321,38;510.227.955,51
26000;MINISTERIO DA EDUCACAO;26439;INST.FED.DE EDUC.,CIENC.E TEC.DE SAO PAULO;;797.136.420,00;894.225.356,00;887.259.238,76;856.069.285,83;31.189.952,93;794.842.555,51
26000;MINISTERIO DA EDUCACAO;26440;UNIVERSIDADE FEDERAL DA FRONTEIRA SUL;;241.164.614,00;263.451.136,00;260.757.141,53;228.806.340,26;31.950.801,27;215.301.344,13
26000;MINISTERIO DA EDUCACAO;26441;UNIVERSIDADE FEDERAL DO OESTE DO PARA;;163.331.038,00;190.244.749,00;188.698.697,85;175.605.903,44;13.092.794,41;165.403.046,66
26000;MINISTERIO DA EDUCACAO;26442;UNIV.DA INTEG.INTERN.DA LUSOF.AFRO-BRASILEIRA;;122.050.284,00;143.369.000,00;140.226.820,59;133.962.874,60;6.263.945,99;127.986.652,72
26000;MINISTERIO DA EDUCACAO;26443;EMPRESA BRASIL.DE SERV.HOSPITALARES - EBSERH;;4.542.172.400,00;4.716.275.938,00;4.700.439.601,89;4.404.995.561,22;295.444.040,67;4.147.414.294,81
26000;MINISTERIO DA EDUCACAO;26444;HOSP.E MATERN.VICTOR FERREIRA DO AMARAL-HMVFA;;4.959.316,00;4.662.909,00;3.900.266,44;3.900.266,44;;3.900.266,44
26000;MINISTERIO DA EDUCACAO;26445;HOSPITAL UNIVERSITARIO DA UNIFESP;;310.255.004,00;304.003.648,00;298.459.763,21;297.869.840,45;589.922,76;280.599.982,30
26000;MINISTERIO DA EDUCACAO;26447;UNIVERSIDADE FEDERAL DO OESTE DA BAHIA - UFOB;;86.100.102,00;103.689.940,00;101.525.744,62;100.286.872,29;1.238.872,33;95.561.875,95
26000;MINISTERIO DA EDUCACAO;26448;UNIV.FED.DO SUL E SUDESTE DO PARA - UNIFESSPA;;95.274.540,00;116.252.024,00;114.681.283,72;108.448.226,40;6.233.057,32;102.346.042,18
26000;MINISTERIO DA EDUCACAO;26449;UNIVERSIDADE FEDERAL DO CARIRI - UFCA;;105.483.910,00;110.746.453,00;108.549.853,06;99.296.104,36;9.253.748,70;93.691.870,97
26000;MINISTERIO DA EDUCACAO;26450;UNIVERSIDADE FEDERAL DO SUL DA BAHIA - UFESBA;;72.659.787,00;93.079.785,00;91.460.639,63;89.644.305,33;1.816.334,30;84.344.761,62
26000;MINISTERIO DA EDUCACAO;26451;HOSPITAL DE ENSINO DR.WASHINGTON A. DE BARROS;;454.960,00;454.960,00;;;;
26000;MINISTERIO DA EDUCACAO;73107;RECURSOS SOB SUPERVISAO DO MEC;;13.014.995.369,00;13.014.995.369,00;13.014.995.369,00;11.777.300.095,00;1.237.695.274,00;11.777.300.095,00
26000;MINISTERIO DA EDUCACAO;74902;RECURSOS SOB SUPERVISAO DO FIES;;19.345.842.062,00;19.051.217.572,00;18.685.947.998,39;12.406.189.322,61;6.279.758.675,78;12.405.896.996,17
28000;MINIST. DA INDUSTRIA, COM.EXTERIOR E SERVICOS;28101;MINIST.DA IND.,COM.EXTERIOR E SERVICOS- MICES;;495.412.780,00;439.801.923,00;410.125.514,38;369.203.504,68;40.922.009,70;355.021.434,95
28000;MINIST. DA INDUSTRIA, COM.EXTERIOR E SERVICOS;28202;INSTIT.NAC. DE METROL. QUALID. E TECNOLOGIA;;922.989.562,00;929.442.679,00;770.493.151,94;738.251.468,43;32.241.683,51;718.881.744,29
28000;MINIST. DA INDUSTRIA, COM.EXTERIOR E SERVICOS;28203;INSTITUTO NACIONAL DA PROPRIEDADE INDUSTRIAL;;642.299.060,00;648.741.340,00;379.913.908,26;373.645.748,89;6.268.159,37;353.806.307,68
28000;MINIST. DA INDUSTRIA, COM.EXTERIOR E SERVICOS;28233;SUPERINTENDENCIA DA ZONA FRANCA DE MANAUS;;778.127.600,00;768.765.413,00;764.318.352,12;755.487.476,42;8.830.875,70;747.650.601,00
29000;DEFENSORIA PUBLICA DA UNIAO;29101;DEFENSORIA PUBLICA DA UNIAO - DPU;;601.280.492,00;601.280.492,00;596.966.251,20;552.098.489,36;44.867.761,84;533.430.763,83
30000;MINISTERIO DA JUSTICA E SEGURANCA PUBLICA;30101;MINISTERIO DA JUSTICA E SEGURANCA PUBLICA;;763.190.221,00;941.915.686,00;893.604.718,98;545.663.353,92;347.941.365,06;515.361.263,90
30000;MINISTERIO DA JUSTICA E SEGURANCA PUBLICA;30103;ARQUIVO NACIONAL;;103.557.215,00;117.805.923,00;114.320.121,46;104.476.856,95;9.843.264,51;98.221.896,59
30000;MINISTERIO DA JUSTICA E SEGURANCA PUBLICA;30107;DEPARTAMENTO DE POLICIA RODOVIARIA FEDERAL;;4.667.922.893,00;4.947.114.291,00;4.865.262.124,22;4.451.011.098,41;414.251.025,81;4.181.619.285,25
30000;MINISTERIO DA JUSTICA E SEGURANCA PUBLICA;30108;DEPARTAMENTO DE POLICIA FEDERAL;;7.246.901.907,00;7.554.350.385,00;7.314.337.292,48;6.898.311.870,63;416.025.421,85;6.497.881.652,63
30000;MINISTERIO DA JUSTICA E SEGURANCA PUBLICA;30202;FUNDACAO NACIONAL DO INDIO;;596.972.807,00;668.823.899,00;665.961.969,18;520.999.994,57;144.961.974,61;490.950.265,57
30000;MINISTERIO DA JUSTICA E SEGURANCA PUBLICA;30211;CONSELHO ADMINISTRATIVO DE DEFESA ECONOMICA;;66.163.141,00;68.750.261,00;57.330.393,37;36.981.057,68;20.349.335,69;35.923.208,14
30000;MINISTERIO DA JUSTICA E SEGURANCA PUBLICA;30905;FUNDO DE DEFESA DOS DIREITOS DIFUSOS;;802.298.460,00;802.220.923,00;2.156.831,49;1.408.630,39;748.201,10;1.408.630,39
30000;MINISTERIO DA JUSTICA E SEGURANCA PUBLICA;30907;FUNDO PENITENCIARIO NACIONAL - FUNPEN;;570.218.118,00;911.009.718,00;399.456.912,12;280.060.710,34;119.396.201,78;279.832.426,02
30000;MINISTERIO DA JUSTICA E SEGURANCA PUBLICA;30911;FUNDO NACIONAL DE SEGURANCA PUBLICA - FNSP;;944.656.825,00;636.375.956,00;491.850.743,86;248.533.555,37;243.317.188,49;248.517.062,40
30000;MINISTERIO DA JUSTICA E SEGURANCA PUBLICA;30912;FUNDO NACIONAL ANTIDROGAS;;129.356.369,00;165.741.126,00;152.593.340,90;6.424.363,05;146.168.977,85;6.289.003,19
32000;MINISTERIO DE MINAS E ENERGIA;32101;MINISTERIO DE MINAS E ENERGIA;;833.111.396,00;834.031.864,00;362.984.560,16;339.774.504,35;23.210.055,81;326.180.257,01
32000;MINISTERIO DE MINAS E ENERGIA;32202;COMPANHIA DE PESQUISA DE RECURSOS MINERAIS;;667.173.181,00;688.067.164,00;565.380.296,98;512.426.126,22;52.954.170,76;474.311.805,52
32000;MINISTERIO DE MINAS E ENERGIA;32265;AGENCIA NACIONAL DO PETROLEO - ANP;;1.965.964.741,00;11.430.630.860,00;9.912.932.770,61;5.183.465.615,47;4.729.467.155,14;5.168.449.861,97
32000;MINISTERIO DE MINAS E ENERGIA;32266;AGENCIA NACIONAL DE ENERGIA ELETRICA - ANEEL;;2.481.013.724,00;1.471.041.271,00;1.209.915.191,55;1.155.040.309,49;54.874.882,06;1.143.077.123,05
32000;MINISTERIO DE MINAS E ENERGIA;32314;EMPRESA DE PESQUISA ENERGETICA - EPE;;129.462.283,00;127.915.269,00;125.366.586,81;109.921.604,85;15.444.981,96;106.375.319,08
32000;MINISTERIO DE MINAS E ENERGIA;32396;AGENCIA NACIONAL DE MINERACAO;;974.947.341,00;909.405.964,00;334.129.606,81;318.935.311,00;15.194.295,81;298.748.831,39
32000;MINISTERIO DE MINAS E ENERGIA;71118;RECURSOS SOB SUPERVISAO DO MME;;2.366.467.457,00;2.464.098.610,00;2.317.896.570,06;2.317.646.570,06;250.000,00;2.317.646.570,06
32000;MINISTERIO DE MINAS E ENERGIA;73104;RECURSOS SOB SUPERVISAO DO MME-TR.EST.DF MUN.;;27.866.640.285,00;37.830.931.574,00;37.045.737.430,01;35.937.418.011,03;1.108.319.418,98;35.937.418.011,03
34000;MINISTERIO PUBLICO DA UNIAO;34101;MINISTERIO PUBLICO FEDERAL;;3.883.792.987,00;3.876.595.243,00;3.793.901.980,57;3.713.193.710,70;80.708.269,87;3.709.573.582,77
34000;MINISTERIO PUBLICO DA UNIAO;34102;MINISTERIO PUBLICO MILITAR;;257.044.614,00;255.836.171,00;248.287.586,06;246.247.647,17;2.039.938,89;246.247.647,17
34000;MINISTERIO PUBLICO DA UNIAO;34103;MINISTERIO PUB.DO DIST.FEDERAL E DOS TERRIT.;;840.813.961,00;843.828.790,00;826.774.256,26;823.631.818,29;3.142.437,97;823.623.134,02
34000;MINISTERIO PUBLICO DA UNIAO;34104;MINISTERIO PUBLICO DO TRABALHO;;1.713.628.411,00;1.716.026.925,00;1.669.870.452,55;1.658.640.561,28;11.229.891,27;1.653.937.489,67
34000;MINISTERIO PUBLICO DA UNIAO;34105;ESCOLA SUPERIOR DO MINIST. PUBLICO DA UNIAO;;30.230.723,00;33.420.539,00;32.727.957,18;27.636.650,15;5.091.307,03;27.636.650,15
35000;MINISTERIO DAS RELACOES EXTERIORES;35101;MINISTERIO DAS RELACOES EXTERIORES;;3.092.567.239,50;3.663.176.368,50;3.614.174.203,07;3.510.196.098,60;103.978.104,46;3.467.097.038,29
35000;MINISTERIO DAS RELACOES EXTERIORES;35201;FUNDACAO ALEXANDRE DE GUSMAO;;14.721.327,00;15.674.505,00;14.798.688,04;14.624.622,48;174.065,56;14.010.402,92
36000;MINISTERIO DA SAUDE;36201;FUNDACAO OSWALDO CRUZ;;2.606.062.372,00;2.664.630.132,00;2.624.266.798,98;2.363.735.072,74;260.531.726,24;2.198.818.660,12
36000;MINISTERIO DA SAUDE;36210;HOSPITAL NOSSA SENHORA DA CONCEICAO S/A;;1.384.848.245,00;1.521.322.117,00;1.488.945.308,88;1.452.732.522,25;36.212.786,63;1.437.807.855,18
36000;MINISTERIO DA SAUDE;36211;FUNDACAO NACIONAL DE SAUDE;;3.579.678.582,00;3.320.552.605,00;3.162.165.642,67;2.415.296.907,37;746.868.735,30;2.265.259.888,59
36000;MINISTERIO DA SAUDE;36212;AGENCIA NACIONAL DE VIGILANCIA SANITARIA;;861.147.742,00;841.432.387,00;793.380.475,96;750.737.142,25;42.643.333,71;711.005.419,65
36000;MINISTERIO DA SAUDE;36213;AGENCIA NACIONAL DE SAUDE SUPLEMENTAR;;382.101.259,00;377.423.708,00;310.055.326,26;288.803.977,48;21.251.348,78;277.267.456,73
36000;MINISTERIO DA SAUDE;36901;FUNDO NACIONAL DE SAUDE;;122.024.666.002,00;122.804.060.378,00;122.094.409.665,37;111.875.564.587,16;10.218.845.078,22;110.209.823.545,57
36000;MINISTERIO DA SAUDE;74202;RECURSOS SOB SUPERVISAO DA ANS;;9.964.746,00;9.964.746,00;3.213.629,47;2.458.413,37;755.216,10;2.458.413,37
37000;CONTROLADORIA-GERAL DA UNIAO;37101;MINIST. DA TRANSPARENCIA, FISCALIZACAO E CGU;;1.030.098.412,00;1.082.654.205,00;1.067.744.810,12;1.020.227.472,35;47.517.337,77;954.904.897,80
37202;INSTITUTO NACIONAL DO SEGURO SOCIAL;55902;FUNDO DO REGIME GERAL DA PREVID.SOCIAL-FRGPS;;596.268.399.679,00;591.452.690.969,00;589.512.727.031,15;587.713.565.199,93;1.799.161.831,22;554.552.718.402,37
39000;MINISTERIO DA INFRAESTRUTURA;39101;MINISTERIO DA INFRAESTRUTURA - MINFRA;;4.534.193.656,00;4.116.407.598,00;4.050.458.567,14;3.505.159.203,65;545.299.363,49;3.270.492.828,88
39000;MINISTERIO DA INFRAESTRUTURA;39207;VALEC-ENGENHARIA, CONSTRUCOES E FERROVIAS S/A;;1.001.830.784,00;941.686.860,00;906.054.298,69;658.304.744,92;247.749.553,77;649.280.074,60
39000;MINISTERIO DA INFRAESTRUTURA;39250;AGENCIA NAC. DE TRANSPORTES TERRESTRES ­ ANTT;;920.352.806,00;829.531.222,00;644.031.980,62;507.098.974,24;136.933.006,38;478.747.497,69
39000;MINISTERIO DA INFRAESTRUTURA;39251;AGENCIA NAC. DE TRANSPORTES AQUAVIARIOS-ANTAQ;;179.751.026,00;163.695.370,00;155.604.828,12;147.847.849,44;7.756.978,68;139.972.936,86
39000;MINISTERIO DA INFRAESTRUTURA;39252;DEPTO.NAC.DE INFRA­ESTRUT.DE TRANSPORTES-DNIT;;9.464.890.684,00;8.901.464.938,00;8.632.378.170,49;6.193.547.032,76;2.438.831.137,72;6.104.082.181,49
39000;MINISTERIO DA INFRAESTRUTURA;39254;AGENCIA NACIONAL DE AVIACAO CIVIL - ANAC;;726.159.267,00;726.479.117,00;557.134.972,42;515.843.663,74;41.291.308,68;488.491.768,51
39000;MINISTERIO DA INFRAESTRUTURA;39901;FUNDO DA MARINHA MERCANTE;;538.066.631,00;51.771.434,00;47.827.789,09;12.170.617,26;35.657.171,83;12.164.728,26
39000;MINISTERIO DA INFRAESTRUTURA;39902;FUNDO NACIONAL DE AVIACAO CIVIL - FNAC;;5.026.223.247,00;4.304.596.673,00;1.260.756.221,71;1.107.256.922,83;153.499.298,88;1.106.694.226,29
39000;MINISTERIO DA INFRAESTRUTURA;74904;REC.SOB SUPERV.DO FUNDO DA MAR.MERCANTE/MT;;3.782.171.019,00;3.782.171.019,00;3.327.088.982,56;3.327.088.982,56;;3.327.088.982,56
40000;MINISTERIO DO TRABALHO;40101;MINISTERIO DO TRABALHO;;9.077.344.685,00;9.145.875.395,00;8.500.621.937,49;8.425.278.920,10;75.343.017,39;8.208.487.122,55
40000;MINISTERIO DO TRABALHO;40203;FUNDACAO JORGE DUPRAT FIG.DE SEG.MED.TRABALHO;;109.641.591,00;118.707.032,00;113.351.480,22;109.136.067,64;4.215.412,58;103.139.907,75
40000;MINISTERIO DO TRABALHO;40901;FUNDO DE AMPARO AO TRABALHADOR - FAT;;81.341.760.788,00;74.736.927.265,00;72.223.981.636,37;70.745.205.921,39;1.478.775.714,98;70.164.184.452,05
41231;AGENCIA NACIONAL DE TELECOMUNICACOES;24906;FUNDO DE UNIVERS.DOS SERV.DE TELECOMUN.-FUST;;1.056.980.408,00;279.853.925,00;61.281,00;61.281,00;;61.281,00
42000;MINISTERIO DA CULTURA;42101;MINISTERIO DA CULTURA;;299.568.736,00;360.925.690,00;345.299.612,97;278.989.492,03;66.310.120,94;264.618.711,67
42000;MINISTERIO DA CULTURA;42201;FUNDACAO CASA RUI BARBOSA;;47.566.623,00;48.784.012,00;46.638.801,64;45.713.382,31;925.419,33;42.940.325,53
42000;MINISTERIO DA CULTURA;42202;BIBLIOTECA NACIONAL;;102.060.922,00;112.513.283,00;107.331.100,64;103.960.975,34;3.370.125,30;96.084.700,61
42000;MINISTERIO DA CULTURA;42203;FUNDACAO CULTURAL PALMARES;;25.154.266,00;29.317.704,00;25.528.636,81;17.813.674,20;7.714.962,61;17.257.331,17
42000;MINISTERIO DA CULTURA;42204;INSTITUTO DO PATRIMONIO HIST. E ART. NACIONAL;;486.034.457,00;493.882.246,00;474.322.207,45;384.620.367,68;89.701.839,77;367.759.198,39
42000;MINISTERIO DA CULTURA;42205;FUNDACAO NACIONAL DE ARTES;;121.294.966,00;121.060.564,00;113.979.862,01;95.819.807,66;18.160.054,35;91.790.058,47
42000;MINISTERIO DA CULTURA;42206;AGENCIA NACIONAL DO CINEMA ­ ANCINE;;144.912.059,00;149.851.579,00;142.135.281,48;129.933.421,92;12.201.859,56;124.514.989,25
42000;MINISTERIO DA CULTURA;42207;INSTITUTO BRASILEIRO DE MUSEUS;;162.198.720,00;168.156.580,00;162.378.405,03;141.783.504,22;20.594.900,81;136.495.378,01
42000;MINISTERIO DA CULTURA;42902;FUNDO NACIONAL DE CULTURA;;1.135.092.561,00;1.134.090.248,00;670.600.661,01;27.141.115,14;643.459.545,87;25.721.909,98
42000;MINISTERIO DA CULTURA;74912;RECURSOS SOB SUPERV. DO FUNDO NAC. DE CULTURA;;131.800.000,00;131.400.000,00;104.000.000,00;814.887,00;103.185.113,00;814.887,00
44000;MINISTERIO DO MEIO AMBIENTE;44101;MINISTERIO DO MEIO AMBIENTE;;446.418.943,00;444.091.933,00;229.088.170,21;189.925.353,03;39.162.817,18;182.092.314,52
44000;MINISTERIO DO MEIO AMBIENTE;44102;SERVICO FLORESTAL BRASILEIRO - SFB;;123.053.285,00;121.251.037,00;61.804.968,33;48.887.264,73;12.917.703,60;46.874.795,49
44000;MINISTERIO DO MEIO AMBIENTE;44201;INST.BRAS.DO MEIO AMB.E REC.NAT.RENOVAVEIS;;1.662.769.559,00;1.629.479.872,00;1.493.287.805,41;1.431.610.972,48;61.676.832,93;1.354.378.680,51
44000;MINISTERIO DO MEIO AMBIENTE;44205;AGENCIA NACIONAL DE AGUAS ­ ANA;;413.461.358,00;378.277.400,00;369.814.160,78;332.443.862,89;37.370.297,89;325.319.669,21
44000;MINISTERIO DO MEIO AMBIENTE;44206;INSTITUTO DE PESQUISAS JARDIM BOTANICO DO RJ;;72.932.967,00;77.387.483,00;73.640.592,01;70.519.945,44;3.120.646,57;67.001.926,63
44000;MINISTERIO DO MEIO AMBIENTE;44207;INST.CHICO MENDES DE CONSER.DA BIODIVERSIDADE;;708.413.211,00;688.738.851,00;674.759.886,27;613.926.636,49;60.833.249,78;586.752.249,07
44000;MINISTERIO DO MEIO AMBIENTE;44901;FUNDO NACIONAL DO MEIO AMBIENTE;;23.737.993,00;23.598.240,00;3.855.723,12;274.901,71;3.580.821,41;274.325,06
44000;MINISTERIO DO MEIO AMBIENTE;44902;FUNDO NACIONAL SOBRE MUDANCAS DO CLIMA;;44.199.000,00;16.988.320,00;6.484.446,89;1.307.728,65;5.176.718,24;1.307.728,65
44000;MINISTERIO DO MEIO AMBIENTE;73111;RECURSOS SOB SUPERV. DO MIN. DO MEIO AMBIENTE;;2.726.882,00;4.001.247,00;2.756.868,87;2.756.868,87;;2.756.868,87
44000;MINISTERIO DO MEIO AMBIENTE;74916;REC.S/SUP.DO FUNDO NAC. S/MUDANCAS DO CLIMA;;202.896.574,00;392.582.919,00;392.582.919,00;392.582.919,00;;392.582.919,00
51000;MINISTERIO DO ESPORTE;51101;MINISTERIO DO ESPORTE;;1.185.552.135,00;1.301.145.631,00;1.181.544.375,72;262.731.953,57;918.812.422,15;237.754.527,55
51000;MINISTERIO DO ESPORTE;51205;AUTORID.DE GOVERNANCA DO LEGADO OLIMPICO-AGLO;;164.633.554,00;80.372.940,00;69.624.349,98;37.605.479,21;32.018.870,77;35.634.617,88
51000;MINISTERIO DO ESPORTE;73109;RECURSOS SOB SUPERV.MIN.DO ESPORTE E TURISMO;;165.868.087,00;165.868.087,00;33.702.784,89;33.702.784,89;;33.702.784,89
52000;MINISTERIO DA DEFESA;52101;MINISTERIO DA DEFESA;;1.518.555.379,94;2.060.264.297,94;2.086.964.773,80;1.247.963.374,44;839.001.399,36;1.224.081.024,42
52000;MINISTERIO DA DEFESA;52111;COMANDO DA AERONAUTICA;;21.824.963.322,00;22.275.043.968,00;22.213.484.254,65;21.772.841.299,43;440.642.955,22;20.349.220.209,24
52000;MINISTERIO DA DEFESA;52121;COMANDO DO EXERCITO;;42.924.261.222,01;43.749.553.532,01;43.333.523.329,85;41.913.091.582,36;1.420.431.747,49;39.359.758.290,69
52000;MINISTERIO DA DEFESA;52131;COMANDO DA MARINHA;;27.273.506.374,00;28.888.693.436,00;28.934.333.234,44;27.927.859.196,09;1.006.474.038,36;26.036.076.882,83
52000;MINISTERIO DA DEFESA;52133;SECRET.DA COMISSAO INTERMIN.P/OS REC.DO MAR;;198.471.134,00;53.350.807,00;55.486.106,10;12.164.490,60;43.321.615,51;11.999.696,21
52000;MINISTERIO DA DEFESA;52901;FUNDO DO MINISTERIO DA DEFESA;;3.023.885,00;3.023.885,00;2.953.987,21;2.167.495,16;786.492,05;2.167.495,16
52000;MINISTERIO DA DEFESA;52902;FUNDO DE ADM. DO HOSPITAL DAS FORCAS ARMADAS;;259.857.669,00;258.504.969,00;250.043.875,40;245.385.042,02;4.658.833,38;234.074.712,37
52000;MINISTERIO DA DEFESA;52903;FUNDO DO SERVICO MILITAR;;10.691.146,00;10.691.146,00;7.511.470,60;6.215.313,61;1.296.156,99;5.839.793,93
52111;COMANDO DA AERONAUTICA;52211;CAIXA DE FINANC. IMOBILIARIO DA AERONAUTICA;;12.167.709,00;12.223.709,00;2.728.228,57;2.585.980,17;142.248,40;2.481.659,71
52111;COMANDO DA AERONAUTICA;52911;FUNDO AERONAUTICO;;3.423.265.515,00;3.762.773.496,00;3.001.675.505,47;1.819.144.249,02;1.182.531.256,45;1.816.459.664,02
52111;COMANDO DA AERONAUTICA;74205;REC.SOB SUP.CAIXA DE FIN.IMOB.DA AERONAUTICA;;1.500.000,00;1.500.000,00;1.434.000,00;1.434.000,00;;1.434.000,00
52121;COMANDO DO EXERCITO;52221;INDUSTRIA DE MATERIAL BELICO DO BRASIL-IMBEL;;230.618.641,00;269.570.853,00;236.685.443,62;206.759.207,76;29.926.235,86;200.004.735,30
52121;COMANDO DO EXERCITO;52222;FUNDACAO OSORIO;;21.416.114,00;23.010.022,00;22.314.346,04;22.134.091,48;180.254,56;20.773.914,42
52121;COMANDO DO EXERCITO;52921;FUNDO DO EXERCITO;;1.606.677.671,00;1.731.104.727,00;1.730.918.085,63;1.483.709.261,64;247.208.823,99;1.476.170.925,70
52131;COMANDO DA MARINHA;52232;CAIXA DE CONST.DE CASAS DO PESSOAL DA MARINHA;;40.634.873,00;40.131.635,00;31.440.370,67;25.622.448,10;5.817.922,57;25.420.858,28
52131;COMANDO DA MARINHA;52233;AMAZONIA AZUL TECNOLOGIAS DE DEFESA S.A.;;306.209.674,00;360.414.948,00;333.120.447,28;329.671.448,75;3.448.998,53;312.296.263,47
52131;COMANDO DA MARINHA;52931;FUNDO NAVAL;;763.405.432,00;770.549.935,00;635.090.365,21;555.835.172,01;79.255.193,20;554.763.600,28
52131;COMANDO DA MARINHA;52932;FUNDO DE DESENV.DO ENS.PROFISSIONAL MARITIMO;;247.270.515,00;247.270.515,00;60.065.321,89;54.841.170,99;5.224.150,90;54.446.195,99
52131;COMANDO DA MARINHA;74204;REC.S/SUP. CAIXA CONST.CASAS P/PESSOAL DA MB;;232.581.393,00;232.581.393,00;229.806.393,00;187.932.095,79;41.874.297,21;187.932.095,79
53000;MINISTERIO DO DESENVOLVIMENTO REGIONAL;53101;MINISTERIO DO DESENVOLVIMENTO REGIONAL;;3.096.131.792,00;4.212.654.810,00;3.961.336.488,97;2.153.978.341,46;1.807.358.147,51;2.007.172.708,58
53000;MINISTERIO DO DESENVOLVIMENTO REGIONAL;53201;COMPANHIA DE DESENV. DO VALE DO SAO FRANCISCO;;1.573.119.118,00;1.327.549.675,00;1.313.684.617,60;709.828.452,57;603.856.165,03;638.604.590,66
53000;MINISTERIO DO DESENVOLVIMENTO REGIONAL;53202;SUPERINTEND.DO DESENVOLV.DA AMAZONIA-SUDAM;;309.272.507,00;280.279.184,00;272.311.066,16;51.007.058,11;221.304.008,05;48.344.115,04
53000;MINISTERIO DO DESENVOLVIMENTO REGIONAL;53203;SUPERINT. DO DESENVOLV. DO NORDESTE - SUDENE;;132.127.245,00;104.093.927,00;96.920.189,99;49.035.568,07;47.884.621,92;45.655.662,18
53000;MINISTERIO DO DESENVOLVIMENTO REGIONAL;53204;DEPARTAMENTO NAC. DE OBRAS CONTRA AS SECAS;;1.376.998.553,00;1.153.317.844,00;1.129.656.482,69;831.550.717,79;298.105.764,90;775.653.778,40
53000;MINISTERIO DO DESENVOLVIMENTO REGIONAL;53207;SUPERINT. DE DESENV. DO CENTRO-OESTE - SUDECO;;184.862.096,00;226.389.142,00;221.162.366,70;24.311.444,87;196.850.921,83;23.438.181,55
53000;MINISTERIO DO DESENVOLVIMENTO REGIONAL;74913;RECURSOS SOB SUPERVISAO DO FNO;;2.428.549.863,00;2.472.304.966,00;2.472.226.443,00;2.406.034.570,78;66.191.872,22;2.406.034.570,78
53000;MINISTERIO DO DESENVOLVIMENTO REGIONAL;74914;RECURSOS SOB SUPERVISAO DO FCO;;2.428.549.863,00;2.472.304.966,00;2.472.226.443,00;2.406.034.570,78;66.191.872,22;2.406.034.570,78
53000;MINISTERIO DO DESENVOLVIMENTO REGIONAL;74915;RECURSOS SOB SUPERVISAO DO FNE;;7.285.649.591,00;7.416.914.906,00;7.416.679.319,00;7.218.103.712,57;198.575.606,43;7.218.103.712,57
53202;SUPERINTEND. DO DESENVOLVIMENTO DA AMAZONIA;74917;RECURSOS SOB SUPERVISAO DO FDA;;419.667.917,00;419.667.917,00;350.433.904,78;;350.433.904,78;
53203;SUPERINTENDENCIA DO DESENVOLV. DO NORDESTE;74918;RECURSOS SOB SUPERVISAO DO FDNE;;442.781.295,00;442.781.295,00;173.866.659,88;;173.866.659,88;
53207;SUPERINT. DE DESENVOLVIMENTO DO CENTRO-OESTE;74919;FUNDO DE DESENVOLVIMENTO DO CENTRO-OESTE-FDCO;;59.683.287,00;59.683.287,00;;;;
54000;MINISTERIO DO TURISMO;54101;MINISTERIO DO TURISMO;;992.495.299,00;1.132.714.872,00;1.109.427.444,12;138.686.771,38;970.740.672,74;136.360.855,90
54000;MINISTERIO DO TURISMO;54201;INSTITUTO BRASILEIRO DE TURISMO;;109.103.035,00;114.064.810,00;112.362.097,80;101.626.821,60;10.735.276,20;98.882.483,54
54000;MINISTERIO DO TURISMO;74908;RECURSOS SOB SUPERVISAO DO FUNGETUR/MTUR;;43.287.815,00;286.483.771,00;286.483.770,99;206.194.078,60;80.289.692,39;206.194.078,60
55000;MINISTERIO DA CIDADANIA;55101;MINISTERIO DA CIDADANIA;;30.036.996.783,00;31.154.854.268,00;31.135.716.809,81;30.666.148.938,25;469.567.871,56;30.643.943.302,02
55000;MINISTERIO DA CIDADANIA;55201;INSTITUTO NACIONAL DO SEGURO SOCIAL - INSS;;15.321.975.624,00;15.104.239.478,00;14.667.551.615,35;14.507.019.306,22;160.532.309,13;13.693.519.194,47
55000;MINISTERIO DA CIDADANIA;55901;FUNDO NACIONAL DE ASSISTENCIA SOCIAL;;57.917.203.872,00;58.738.886.749,00;58.692.544.339,06;58.428.779.714,63;263.764.624,43;56.352.410.186,09
56000;MINISTERIO DAS CIDADES;56101;MINISTERIO DAS CIDADES;;8.950.943.278,00;8.601.538.318,00;8.487.646.684,85;5.397.524.309,89;3.090.122.374,96;5.390.571.528,51
56000;MINISTERIO DAS CIDADES;56201;EMPRESA DE TRENS URBANOS DE PORTO ALEGRE S/A;;227.346.452,00;437.039.562,00;425.051.907,42;385.780.478,90;39.271.428,52;370.412.364,17
56000;MINISTERIO DAS CIDADES;56202;COMPANHIA BRASILEIRA DE TRENS URBANOS - CBTU;;1.073.493.267,00;1.280.029.172,00;1.122.091.408,11;1.022.635.772,98;99.455.635,13;978.559.492,27
56000;MINISTERIO DAS CIDADES;56901;FUNDO NACIONAL DE SEG. E EDUCACAO DO TRANSITO;;795.854.156,00;865.694.156,00;103.219.393,57;94.572.935,49;8.646.458,08;94.572.935,49
56000;MINISTERIO DAS CIDADES;56902;FUNDO NAC.DE HABIT.DE INTERESSE SOCIAL-FNHIS;;95.393.732,00;51.621.939,00;18.530.684,98;5.675.724,39;12.854.960,59;5.675.724,39
59000;CONSELHO NACIONAL DO MINISTERIO PUBLICO;59101;CONSELHO NACIONAL DO MINISTERIO PUBLICO-CNMP;;93.188.990,00;93.188.990,00;82.317.881,41;80.049.814,43;2.268.066,98;80.049.814,43
63000;ADVOCACIA-GERAL DA UNIAO;63101;ADVOCACIA-GERAL DA UNIAO - AGU;;3.622.571.193,00;3.930.824.888,00;3.924.106.779,00;3.716.770.506,87;207.336.272,13;3.497.391.751,81
81000;MINIST. MULHER, FAMILIA E DIREITOS HUMANOS;81101;MINISTERIO DOS DIREITOS HUMANOS - MDH;;354.690.521,00;457.207.294,00;401.899.372,69;256.590.745,86;145.308.626,83;252.957.262,94
81000;MINIST. MULHER, FAMILIA E DIREITOS HUMANOS;81901;FUNDO NAC.PARA A CRIANCA E O ADOLESCENTE-FNCA;;21.228.905,00;20.828.905,00;12.956.477,55;7.740.570,18;5.215.907,37;7.740.570,18
81000;MINIST. MULHER, FAMILIA E DIREITOS HUMANOS;81902;FUNDO NACIONAL DO IDOSO - FNI;;16.472.168,00;16.172.168,00;4.987.360,02;3.394.994,82;1.592.365,20;3.394.994,82
Total;;;;;3.444.619.384.185,41;3.467.117.028.627,41;2.700.246.260.521,12;2.620.108.590.612,24;80.137.669.908,87;2.564.764.209.726,75
